days,MJD,date,r,theta,phi,x,y,z
0.0,58484.0,2019-01-01,0.983311354517,66.9399004,100.8735258,-0.17067156908935588,0.8884956572544115,0.38515958052044585
1.0,58485.0,2019-01-02,0.983304206838,67.020209,101.97777070000001,-0.18787301952902097,0.8855623505138259,0.383888284622993
2.0,58486.0,2019-01-03,0.983301248675,67.1081568,103.0807255,-0.205016909012759,0.8823521825136698,0.38249710937212617
3.0,58487.0,2019-01-04,0.983302330221,67.2037018,104.1822483,-0.22209758564895335,0.8788660241966346,0.3809864125920433
4.0,58488.0,2019-01-05,0.9833073484460001,67.30679810000001,105.28219890000001,-0.23910940397084643,0.8751049047996543,0.37935661327594905
5.0,58489.0,2019-01-06,0.9833162463189999,67.41739580000001,106.38043970000001,-0.25604674216291323,0.871070007625884,0.37760819365751214
6.0,58490.0,2019-01-07,0.98332901079,67.5354409,107.4768366,-0.2729040186188085,0.8667626632222566,0.37574170080895464
7.0,58491.0,2019-01-08,0.983345669692,67.6608756,108.5712593,-0.28967569946179156,0.8621843456683682,0.37375774149539365
8.0,58492.0,2019-01-09,0.9833662879080001,67.7936383,109.6635824,-0.3063563170100025,0.8573366615936442,0.37165698151587523
9.0,58493.0,2019-01-10,0.9833909633400001,67.9336637,110.75368519999999,-0.32294046820913674,0.8522213451941721,0.36944014341578074
10.0,58494.0,2019-01-11,0.983419823265,68.0808831,111.8414527,-0.33942283123396233,0.8468402481498559,0.3671080011947103
11.0,58495.0,2019-01-12,0.98345302161,68.2352242,112.9267753,-0.3557981613936592,0.8411953337743285,0.36466138333943016
12.0,58496.0,2019-01-13,0.983490737392,68.3966116,114.0095496,-0.37206130512893554,0.8352886698285876,0.3621011651701798
13.0,58497.0,2019-01-14,0.9835331741940001,68.5649667,115.0896783,-0.38820719944616855,0.829122423385817,0.35942827111555653
14.0,58498.0,2019-01-15,0.983580560001,68.7402081,116.16707099999999,-0.4042308857397715,0.8226988527380109,0.3566436691285593
15.0,58499.0,2019-01-16,0.9836331460780001,68.9222517,117.24164440000001,-0.42012751342844434,0.816020299745134,0.35374836950521554
16.0,58500.0,2019-01-17,0.983691202809,69.1110109,118.31332350000001,-0.43589235637374457,0.8090891723170573,0.3507434210046726
17.0,58501.0,2019-01-18,0.98375500989,69.30639719999999,119.3820419,-0.4515208139999414,0.8019079296405468,0.3476298985819779
18.0,58502.0,2019-01-19,0.983824838413,69.50832,120.44774309999998,-0.4670084189142477,0.7944790482353816,0.34440890124470114
19.0,58503.0,2019-01-20,0.9839009241,69.7166873,121.5103805,-0.48235082213762925,0.7868049954463612,0.3410815327288161
20.0,58504.0,2019-01-21,0.9839834346070001,69.9314059,122.56991699999999,-0.4975437658666703,0.7788882003182389,0.3376488886894424
21.0,58505.0,2019-01-22,0.9840724384399999,70.1523816,123.6263236,-0.5125830408408064,0.7707310371391208,0.3341120451736135
22.0,58506.0,2019-01-23,0.9841678856399999,70.3795187,124.67957709999999,-0.5274644341269156,0.7623358271409629,0.3304720631363329
23.0,58507.0,2019-01-24,0.984269607916,70.6127206,125.7296571,-0.5421836823421954,0.7537048721938532,0.3267299822486776
24.0,58508.0,2019-01-25,0.984377338587,70.8518888,126.77654390000001,-0.5567364456369615,0.7448404921182822,0.3228868472455065
25.0,58509.0,2019-01-26,0.984490745055,71.09692319999999,127.8202169,-0.5711183037630069,0.7357450751272412,0.3189437170282948
26.0,58510.0,2019-01-27,0.984609463524,71.3477217,128.8606543,-0.5853247725668004,0.7264211140709103,0.3149016851536683
27.0,58511.0,2019-01-28,0.9847331279449999,71.6041803,129.89783329999997,-0.5993513287243909,0.7168712339090357,0.3107618895913516
28.0,58512.0,2019-01-29,0.984861389893,71.8661931,130.93173149999998,-0.6131934460455304,0.707098197063453,0.30652552053359844
29.0,58513.0,2019-01-30,0.9849939300020001,72.1336525,131.962327,-0.6268466118709914,0.6971049142039977,0.3021938217754969
30.0,58514.0,2019-01-31,0.985130463386,72.4064492,132.9896,-0.6403063579189322,0.6868944319224826,0.29776809314229324
31.0,58515.0,2019-02-01,0.9852707416590001,72.6844724,134.0135327,-0.6535682683660125,0.676469935191591,0.2932496883821238
32.0,58516.0,2019-02-02,0.985414553494,72.9676099,135.0341102,-0.6666279985184322,0.6658347363247092,0.2886400140876061
33.0,58517.0,2019-02-03,0.9855617248019999,73.2557482,136.0513207,-0.6794812842390298,0.6549922702676718,0.2839405283737652
34.0,58518.0,2019-02-04,0.985712118943,73.5487725,137.0651559,-0.6921239529871224,0.6439460864655931,0.27915274109029514
35.0,58519.0,2019-02-05,0.9858656369400001,73.8465672,138.07561090000002,-0.7045519305437022,0.6326998476097583,0.27427820566141037
36.0,58520.0,2019-02-06,0.986022217483,74.1490155,139.0826848,-0.7167612519213499,0.6212573161713303,0.2693185255748803
37.0,58521.0,2019-02-07,0.986181836559,74.456,140.08638090000002,-0.7287480703731656,0.6096223479826816,0.2642753441514215
38.0,58522.0,2019-02-08,0.9863445066850001,74.7674026,141.08670659999999,-0.7405086599386282,0.5977988865618793,0.2591503456469824
39.0,58523.0,2019-02-09,0.986510275925,75.0831045,142.083674,-0.7520394251229886,0.5857909484145004,0.25394525457654155
40.0,58524.0,2019-02-10,0.986679227,75.402987,143.0772994,-0.7633369012846007,0.573602624277041,0.24866182166354567
41.0,58525.0,2019-02-11,0.986851476737,75.7269307,144.0676044,-0.7743977655657589,0.5612380548722604,0.24330183638427236
42.0,58526.0,2019-02-12,0.9870271758910001,76.0548165,145.05461519999997,-0.7852188353303421,0.5487014350050827,0.23786710956579774
43.0,58527.0,2019-02-13,0.9872065089100001,76.3865253,146.0383635,-0.7957970774601467,0.5359969924894237,0.23235947749651195
44.0,58528.0,2019-02-14,0.987389692468,76.7219386,147.0188865,-0.8061296098563097,0.5231289801814858,0.22678079063105033
45.0,58529.0,2019-02-15,0.9875769707879999,77.0609384,147.9962278,-0.8162137053150426,0.5101016518123368,0.2211329132106223
46.0,58530.0,2019-02-16,0.9877686050679999,77.4034081,148.9704382,-0.8260467908724826,0.496919237776661,0.21541770487756517
47.0,58531.0,2019-02-17,0.987964854398,77.7492323,149.9415757,-0.83562642722005,0.4835859260182078,0.209637019188473
48.0,58532.0,2019-02-18,0.98816594733,78.0982978,150.9097065,-0.8449502905587181,0.4701058277412816,0.20379268061198516
49.0,58533.0,2019-02-19,0.988372047158,78.4504931,151.87490359999998,-0.8540161215790937,0.4564829746667799,0.19788648646551438
50.0,58534.0,2019-02-20,0.9885832188439999,78.8057088,152.83724619999998,-0.8628216847633757,0.44272131135194814,0.19192019528143722
51.0,58535.0,2019-02-21,0.988799408221,79.1638369,153.7968165,-0.8713647147371383,0.4288247343790799,0.18589553731592623
52.0,58536.0,2019-02-22,0.989020441319,79.52477,154.75369750000002,-0.8796428914776561,0.414797129963006,0.17981423134477198
53.0,58537.0,2019-02-23,0.9892460439030001,79.8884009,155.70797050000002,-0.8876538365247125,0.40064242754355583,0.17367799841287293
54.0,58538.0,2019-02-24,0.989475873543,80.2546218,156.65971399999998,-0.8953951341093901,0.3863646365869257,0.16748858388547888
55.0,58539.0,2019-02-25,0.989709553658,80.62332430000001,157.6090029,-0.9028643619846486,0.3719678785981076,0.1612477651044948
56.0,58540.0,2019-02-26,0.989946701539,80.994399,158.5559092,-0.9100591280645636,0.35745639003221463,0.15495736361802703
57.0,58541.0,2019-02-27,0.990186947204,81.3677357,159.5005024,-0.9169770987137559,0.3428345241467217,0.14861924471874682
58.0,58542.0,2019-02-28,0.9904299438040001,81.7432237,160.4428506,-0.9236160234685504,0.3281067363559809,0.14223531324380598
59.0,58543.0,2019-03-01,0.9906753721170001,82.1207518,161.3830208,-0.9299737476131165,0.3132775782434258,0.13580751319240955
60.0,58544.0,2019-03-02,0.9909229418459999,82.5002086,162.3210795,-0.9360482234736467,0.2983516849771067,0.12933782153678924
61.0,58545.0,2019-03-03,0.9911723917919999,82.8814822,163.257093,-0.9418375166505896,0.2833337660447534,0.12282825203926481
62.0,58546.0,2019-03-04,0.991423490216,83.2644608,164.1911274,-0.9473398122513143,0.2682286011783117,0.11628084358846832
63.0,58547.0,2019-03-05,0.991676035975,83.6490324,165.12324919999998,-0.9525534222413751,0.2530410255762207,0.10969766396176554
64.0,58548.0,2019-03-06,0.9919298605210001,84.0350849,166.0535246,-0.957476787911458,0.23777593673399983,0.10308080672092453
65.0,58549.0,2019-03-07,0.9921848304950001,84.422506,166.9820206,-0.962108490398682,0.22243827108397904,0.09643239146848744
66.0,58550.0,2019-03-08,0.992440850491,84.8111837,167.9088043,-0.9664472538414882,0.2070330103373211,0.08975455362382473
67.0,58551.0,2019-03-09,0.99269786557,85.2010059,168.8339437,-0.9704919525581378,0.1915651619234868,0.08304944951265533
68.0,58552.0,2019-03-10,0.9929558632,85.591861,169.7575079,-0.9742416157965111,0.17603974921816976,0.07631924402576423
69.0,58553.0,2019-03-11,0.9932148745200001,85.9836376,170.67956719999998,-0.9776954293967365,0.16046180274225388,0.06956611362737594
70.0,58554.0,2019-03-12,0.9934749749089999,86.3762248,171.60019350000002,-0.9808527378468229,0.14483634614739554,0.06279223887951148
71.0,58555.0,2019-03-13,0.993736283811,86.7695128,172.519461,-0.9837130453217917,0.1291683767816152,0.05599979165877109
72.0,58556.0,2019-03-14,0.993998963459,87.1633922,173.4374461,-0.9862760109639774,0.11346285958311081,0.04919094479448563
73.0,58557.0,2019-03-15,0.994263215572,87.5577554,174.3542285,-0.9885414459715725,0.09772470066715269,0.04236784530184855
74.0,58558.0,2019-03-16,0.994529274358,87.952496,175.2698917,-0.990509301689943,0.08195873094699747,0.035532622226751534
75.0,58559.0,2019-03-17,0.9947973936660001,88.3475096,176.1845233,-0.9921796514949883,0.06616969386251408,0.02868737035860033
76.0,58560.0,2019-03-18,0.99506782638,88.7426944,177.09821609999997,-0.9935526640746382,0.050362220318721576,0.02183413775205404
77.0,58561.0,2019-03-19,0.995340795967,89.1379509,178.011068,-0.9946285652990725,0.03454082642726901,0.014974929617555392
78.0,58562.0,2019-03-20,0.995616463562,89.5331823,178.9231813,-0.9954075956757421,0.01870992490048799,0.008111701237066669
79.0,58563.0,2019-03-21,0.99589489785,89.9282941,179.8346615,-0.9958899713962955,0.0028738488679240382,0.0012463661707911254
80.0,58564.0,2019-03-22,0.996176056646,90.3231934,180.74561540000002,-0.9960758597400442,-0.012963108879828685,-0.005619189094156966
81.0,58565.0,2019-03-23,0.996459786204,90.717788,181.6561487,-0.9959653765230632,-0.02879664636744808,-0.012483086436562329
82.0,58566.0,2019-03-24,0.9967458378470001,91.1119858,182.5663639,-0.9955586055657033,-0.044622408792477274,-0.01934344289281553
83.0,58567.0,2019-03-25,0.9970338953669999,91.5056939,183.4763597,-0.9948556316950627,-0.06043597343539176,-0.026198353196870968
84.0,58568.0,2019-03-26,0.997323604482,91.8988183,184.38623,-0.9938565777419147,-0.07623283078305594,-0.03304588396305931
85.0,58569.0,2019-03-27,0.997614597648,92.2912638,185.2960643,-0.9925616363054633,-0.09200839279057223,-0.03988407239861103
86.0,58570.0,2019-03-28,0.997906511295,92.6829344,186.2059485,-0.9909710920030117,-0.10775800994063005,-0.04671093440460624
87.0,58571.0,2019-03-29,0.9981989957999999,93.0737331,187.1159649,-0.9890853368897818,-0.12347697547230876,-0.05352446257521926
88.0,58572.0,2019-03-30,0.9984917201379999,93.4635621,188.02619330000002,-0.986904877348243,-0.13916054903906896,-0.06032263125508052
89.0,58573.0,2019-03-31,0.998784373511,93.8523231,188.9367109,-0.9844303388765361,-0.15480395967416657,-0.06710340332939947
90.0,58574.0,2019-04-01,0.999076665922,94.2399172,189.84759269999998,-0.9816624685415863,-0.1704024175360441,-0.07386473004438637
91.0,58575.0,2019-04-02,0.999368329109,94.6262453,190.75891140000002,-0.9786021378602727,-0.18595111717234716,-0.08060455957186473
92.0,58576.0,2019-04-03,0.999659118679,95.0112074,191.6707376,-0.9752503470484674,-0.20144524661845292,-0.0873208265807755
93.0,58577.0,2019-04-04,0.999948817803,95.3947034,192.58314,-0.9716082281996429,-0.21687999673444372,-0.09401146811339484
94.0,58578.0,2019-04-05,1.000237242355,95.7766326,193.4961847,-0.9676770545035662,-0.23225055633047886,-0.10067441713474147
95.0,58579.0,2019-04-06,1.000524247017,96.1568937,194.4099362,-0.9634582431496403,-0.24755213687352878,-0.1073076050673616
96.0,58580.0,2019-04-07,1.000809731549,96.5353856,195.32445719999998,-0.9589533602448254,-0.26277997691637167,-0.11390897844406736
97.0,58581.0,2019-04-08,1.001093646347,96.9120065,196.2398092,-0.9541641238915286,-0.27792936102008564,-0.12047648616062313
98.0,58582.0,2019-04-09,1.001375996428,97.2866551,197.15605259999998,-0.9490924029369406,-0.2929956290512362,-0.1270081031526118
99.0,58583.0,2019-04-10,1.001656843243,97.6592303,198.07324780000002,-0.9437402102395374,-0.3079742020995088,-0.13350182782919637
100.0,58584.0,2019-04-11,1.001936303881,98.0296315,198.9914556,-0.9381096940799288,-0.3228605951018813,-0.13995568955366294
101.0,58585.0,2019-04-12,1.002214547346,98.3977591,199.9107376,-0.9322031252675156,-0.33765042761402303,-0.14636775903692648
102.0,58586.0,2019-04-13,1.002491787386,98.763515,200.8311575,-0.9260228744782131,-0.3523394468030861,-0.15273615795213613
103.0,58587.0,2019-04-14,1.002768271066,99.1268025,201.7527811,-0.9195713933538866,-0.3669235265436536,-0.15905905711607604
104.0,58588.0,2019-04-15,1.00304426215,99.4875268,202.67567730000002,-0.912851183003828,-0.38139867841388253,-0.16533468367131388
105.0,58589.0,2019-04-16,1.003320018844,99.8455956,203.5999184,-0.9058647608614716,-0.3957610464356354,-0.1715613282959885
106.0,58590.0,2019-04-17,1.003595766996,100.2009186,204.52557969999998,-0.8986146319058947,-0.41000688747130826,-0.17773733170893694
107.0,58591.0,2019-04-18,1.003871672143,100.5534078,205.45273909999997,-0.8911032587962677,-0.4241325478825347,-0.18386108375761454
108.0,58592.0,2019-04-19,1.004147815952,100.90297699999999,206.3814761,-0.8833330449115601,-0.43813443148792813,-0.18993100850886294
109.0,58593.0,2019-04-20,1.004424182835,101.2495413,207.3118694,-0.8753063405274211,-0.4520089496060121,-0.19594555052953208
110.0,58594.0,2019-04-21,1.004700660101,101.593016,208.2439957,-0.8670254575595568,-0.4657524976696701,-0.20190315318362473
111.0,58595.0,2019-04-22,1.004977050726,101.9333165,209.17792780000002,-0.8584927002795948,-0.47936142741779897,-0.20780225686105816
112.0,58596.0,2019-04-23,1.005253094117,102.2703572,210.11373360000002,-0.8497104005884026,-0.49283204124041513,-0.21364128227125
113.0,58597.0,2019-04-24,1.005528488856,102.60405180000001,211.05147569999997,-0.8406809458235324,-0.5061605971234087,-0.21941863902129322
114.0,58598.0,2019-04-25,1.0058029126399999,102.934313,211.99121110000002,-0.8314068044886938,-0.5193433171556812,-0.22513272407790844
115.0,58599.0,2019-04-26,1.0060760369750001,103.2610526,212.93299199999998,-0.8218905353465292,-0.5323764104914693,-0.23078192657861196
116.0,58600.0,2019-04-27,1.006347536397,103.5841815,213.8768653,-0.8121348026044082,-0.5452560756537935,-0.23636463012395642
117.0,58601.0,2019-04-28,1.0066170933560001,103.9036101,214.82287369999997,-0.802142370535363,-0.5579785232533361,-0.24187922113405463
118.0,58602.0,2019-04-29,1.006884400416,104.2192484,215.7710554,-0.7919161088370971,-0.570539977669213,-0.24732409152084847
119.0,58603.0,2019-04-30,1.007149161434,104.5310059,216.7214443,-0.7814589927947645,-0.5829366859663289,-0.25269763772539594
120.0,58604.0,2019-05-01,1.00741109315,104.8387919,217.67407000000003,-0.7707741038260224,-0.5951649232509096,-0.2579982666697758
121.0,58605.0,2019-05-02,1.0076699283230002,105.1425153,218.6289574,-0.7598646368060434,-0.607220995019915,-0.2632243935981703
122.0,58606.0,2019-05-03,1.007925421115,105.4420848,219.58612689999998,-0.7487339011913513,-0.619101248369899,-0.26837444737430266
123.0,58607.0,2019-05-04,1.008177354998,105.7374089,220.54559410000002,-0.737385329290802,-0.63080207897098,-0.2734468731643286
124.0,58608.0,2019-05-05,1.008425552739,106.0283957,221.50736990000001,-0.7258224817996426,-0.6423199459399539,-0.2784401324860696
125.0,58609.0,2019-05-06,1.008669887387,106.3149536,222.4714606,-0.7140490496224645,-0.6536513849865103,-0.28335271899132264
126.0,58610.0,2019-05-07,1.008910292507,106.59699090000001,223.4378687,-0.7020688497883332,-0.6647930334346593,-0.28818315561495045
127.0,58611.0,2019-05-08,1.009146769672,106.8744167,224.40659359999998,-0.6898858139296612,-0.6757416473160025,-0.292930013075985
128.0,58612.0,2019-05-09,1.00937939149,107.1471409,225.37763230000004,-0.6775039753958256,-0.6864941174280997,-0.29759191189309825
129.0,58613.0,2019-05-10,1.009608299107,107.4150747,226.35098050000002,-0.6649274448001824,-0.6970474832606373,-0.3021675311102123
130.0,58614.0,2019-05-11,1.009833694064,107.6781312,227.32663399999998,-0.6521603766978707,-0.7073989436383276,-0.3066556167292785
131.0,58615.0,2019-05-12,1.0100558250390002,107.9362255,228.30458900000002,-0.6392069477381408,-0.7175458502553894,-0.3110549797700963
132.0,58616.0,2019-05-13,1.010274970351,108.1892748,229.28484269999996,-0.626071329207122,-0.7274856997255496,-0.3153644925437373
133.0,58617.0,2019-05-14,1.010491417201,108.4371993,230.2673943,-0.6127576505519481,-0.7372161217763374,-0.3195830967369809
134.0,58618.0,2019-05-15,1.01070543882,108.6799216,231.25224440000002,-0.5992699889203741,-0.7467348521963305,-0.323709785077665
135.0,58619.0,2019-05-16,1.010917271268,108.91736660000001,232.2393951,-0.5856123502835925,-0.7560397101214247,-0.3277435907272299
136.0,58620.0,2019-05-17,1.011127092398,109.149462,233.2288489,-0.5717886679668495,-0.765128560683677,-0.33168358685960675
137.0,58621.0,2019-05-18,1.011335006043,109.37613730000001,234.2206079,-0.5578028085480414,-0.7739992917667846,-0.3355288624968463
138.0,58622.0,2019-05-19,1.011541034079,109.5973237,235.214672,-0.5436585949138961,-0.7826497840814028,-0.33927851579372753
139.0,58623.0,2019-05-20,1.011745117506,109.81295349999999,236.2110378,-0.5293598287149306,-0.791077899736015,-0.34293164200666043
140.0,58624.0,2019-05-21,1.011947125541,110.0229601,237.2096972,-0.5149103201217472,-0.7992814737321189,-0.3464873343593161
141.0,58625.0,2019-05-22,1.012146869883,110.2272775,238.21063680000003,-0.5003139110883206,-0.8072583219987765,-0.3499446786981944
142.0,58626.0,2019-05-23,1.0123441206730002,110.4258404,239.213837,-0.4855745009760282,-0.8150062472597728,-0.35330275910416153
143.0,58627.0,2019-05-24,1.0125386210979999,110.6185839,240.2192722,-0.47069605634799583,-0.8225230573006467,-0.356560656778451
144.0,58628.0,2019-05-25,1.012730098848,110.8054441,241.2269108,-0.45568261787804076,-0.8298065748493819,-0.35971746303624513
145.0,58629.0,2019-05-26,1.012918273912,110.9863575,242.23671549999997,-0.44053830395218957,-0.8368546537535144,-0.3627722713588776
146.0,58630.0,2019-05-27,1.0131028631380001,111.161262,243.2486434,-0.4252673099702255,-0.8436651821965583,-0.3657241948768905
147.0,58631.0,2019-05-28,1.013283582606,111.3300964,244.2626461,-0.40987391082201224,-0.8502360923162057,-0.3685723583357657
148.0,58632.0,2019-05-29,1.013460149109,111.4928007,245.27867,-0.3943624572503943,-0.8565653660553463,-0.3713159029962737
149.0,58633.0,2019-05-30,1.013632282135,111.6493164,246.2966557,-0.37873738567920523,-0.8626510349795359,-0.3739539917206722
150.0,58634.0,2019-05-31,1.01379970775,111.7995861,247.3165384,-0.36300321561102317,-0.8684911932902347,-0.3764858032746344
151.0,58635.0,2019-06-01,1.013962165583,111.9435541,248.3382474,-0.3471645584531443,-0.8740840016879383,-0.3789105442990479
152.0,58636.0,2019-06-02,1.0141194196580001,112.0811659,249.36170570000002,-0.3312261285064773,-0.8794277028302001,-0.3812274447319955
153.0,58637.0,2019-06-03,1.014271272931,112.2123689,250.3868307,-0.31519273419385513,-0.8845206398162384,-0.3834357744701777
154.0,58638.0,2019-06-04,1.014417584068,112.3371119,251.4135341,-0.29906928343558276,-0.8893612790602323,-0.38553484133088745
155.0,58639.0,2019-06-05,1.014558283543,112.45534620000001,252.441723,-0.2828607648397247,-0.8939482289937782,-0.38752401512537493
156.0,58640.0,2019-06-06,1.0146933853120002,112.5670251,253.4713012,-0.26657222616318726,-0.8982802642013817,-0.38940272389985353
157.0,58641.0,2019-06-07,1.014822990602,112.6721048,254.5021707,-0.2502087430328021,-0.902356332331783,-0.3911704700831403
158.0,58642.0,2019-06-08,1.014947282109,112.7705444,255.53423360000002,-0.23377538028818462,-0.9061755570295371,-0.3928268280982965
159.0,58643.0,2019-06-09,1.015066509302,112.86230660000001,256.56739369999997,-0.21727715503658465,-0.9097372234856287,-0.39437144979120164
160.0,58644.0,2019-06-10,1.015180967501,112.9473572,257.60155699999996,-0.2007190194060028,-0.9130407591806323,-0.3958040476041313
161.0,58645.0,2019-06-11,1.0152909741310001,113.0256659,258.636633,-0.18410583014975843,-0.9160857046405435,-0.39712439765139385
162.0,58646.0,2019-06-12,1.01539684515,113.0972057,259.6725346,-0.16744234542344238,-0.9188716869562555,-0.3983323198157971
163.0,58647.0,2019-06-13,1.015498873668,113.1619531,260.7091777,-0.1507332282554453,-0.9213983891069025,-0.3994276716401524
164.0,58648.0,2019-06-14,1.015597311943,113.2198877,261.7464813,-0.133983045861044,-0.9236655282668552,-0.4004103337067562
165.0,58649.0,2019-06-15,1.015692357567,113.2709921,262.78436600000003,-0.11719629695768506,-0.9256728326045703,-0.40128020157646443
166.0,58650.0,2019-06-16,1.015784144469,113.3152517,263.8227537,-0.10037742222454345,-0.9274200282015783,-0.40203717807282136
167.0,58651.0,2019-06-17,1.01587273919,113.3526546,264.8615665,-0.08353082921120451,-0.9289068298866188,-0.4026811694016429
168.0,58652.0,2019-06-18,1.015958142371,113.3831913,265.9007258,-0.06666091514515436,-0.9301329409252417,-0.40321208023533317
169.0,58653.0,2019-06-19,1.0160402947040001,113.40685450000001,266.9401515,-0.04977208816886301,-0.9310980583522908,-0.40362981237031603
170.0,58654.0,2019-06-20,1.016119085906,113.4236392,267.9797613,-0.03286878634959018,-0.9318018810008557,-0.40393426964002116
171.0,58655.0,2019-06-21,1.016194364932,113.4335427,269.0194709,-0.015955481266942708,-0.9322441213788797,-0.40412536185150727
172.0,58656.0,2019-06-22,1.01626594976,113.4365645,270.0591935,0.0009633081321476322,-0.9324245179957587,-0.4042030070637951
173.0,58657.0,2019-06-23,1.016333635503,113.4327061,271.0988399,0.01788301259897029,-0.9323428479791565,-0.40416713168842056
174.0,58658.0,2019-06-24,1.01639720028,113.4219717,272.1383191,0.03479901860281722,-0.9319989311693555,-0.4040176844402755
175.0,58659.0,2019-06-25,1.016456408856,113.4043675,273.17753819999996,0.05170666360793769,-0.9313926419413721,-0.4037546266984965
176.0,58660.0,2019-06-26,1.0165110146179999,113.37990239999999,274.2164024,0.06860123321881774,-0.9305239099966497,-0.40337794506531954
177.0,58661.0,2019-06-27,1.0165607608490002,113.34858750000001,275.2548155,0.08547796701577744,-0.92939272851553,-0.40288764418284917
178.0,58662.0,2019-06-28,1.0166053826700001,113.3104364,276.2926794,0.10233204830423732,-0.9279991584660218,-0.4022837529031366
179.0,58663.0,2019-06-29,1.01664461127,113.2654653,277.3298939,0.11915859942635258,-0.9263433369368178,-0.40156632816988114
180.0,58664.0,2019-06-30,1.016678182197,113.2136929,278.3663566,0.13595268008630462,-0.9244254908892251,-0.4007354572869267
181.0,58665.0,2019-07-01,1.016705849094,113.1551405,279.40196230000004,0.15270927943575888,-0.9222459560812811,-0.39979126559729433
182.0,58666.0,2019-07-02,1.016727403139,113.0898323,280.4366036,0.16942332987951636,-0.919805197285138,-0.3987339296242035
183.0,58667.0,2019-07-03,1.016742696304,113.0177949,281.4701708,0.18608971337970595,-0.9171038384871852,-0.39756367853949853
184.0,58668.0,2019-07-04,1.0167516640099998,112.9390581,282.50255330000005,0.20270329262764455,-0.9141426781188827,-0.39628081642523644
185.0,58669.0,2019-07-05,1.0167543409900002,112.8536546,283.53364189999996,0.21925895834368314,-0.9109226994165023,-0.39488572371738795
186.0,58670.0,2019-07-06,1.016750864893,112.7616201,284.5633303,0.23575166152030905,-0.907445065937133,-0.3933788602065818
187.0,58671.0,2019-07-07,1.016741465599,112.6629931,285.59151769999994,0.2521764597777386,-0.9037110986935022,-0.39176075747904116
188.0,58672.0,2019-07-08,1.0167264428059999,112.5578149,286.6181103,0.2685285409310786,-0.899722242303537,-0.39003201011027766
189.0,58673.0,2019-07-09,1.016706137647,112.4461296,287.6430224,0.2848032356041865,-0.8954800257667301,-0.3881932647165367
190.0,58674.0,2019-07-10,1.016680904429,112.3279833,288.6661763,0.3009960094344291,-0.8909860336537294,-0.38624519617609965
191.0,58675.0,2019-07-11,1.016651086645,112.2034246,289.6875023,0.3171024527600429,-0.8862418730041763,-0.3841885070692166
192.0,58676.0,2019-07-12,1.016616998862,112.07250379999999,290.706938,0.33311826167957825,-0.8812491586328292,-0.3820239083090043
193.0,58677.0,2019-07-13,1.016578914251,111.9352732,291.7244272,0.3490392111542336,-0.8760095006212929,-0.3797521202018564
194.0,58678.0,2019-07-14,1.016537056743,111.7917866,292.73991980000005,0.3648611461315447,-0.8705244969643203,-0.3773738623173499
195.0,58679.0,2019-07-15,1.016491596824,111.6420994,293.75337,0.3805799463401292,-0.8647957375385118,-0.37488985474772635
196.0,58680.0,2019-07-16,1.016442650277,111.4862685,294.7647365,0.39619152340051195,-0.8588248014095257,-0.37230081731256276
197.0,58681.0,2019-07-17,1.01639027943,111.3243519,295.77398139999997,0.41169180034940245,-0.8526132673088769,-0.3696074648241597
198.0,58682.0,2019-07-18,1.016334496511,111.1564094,296.7810694,0.4270766944488287,-0.8461627191559908,-0.36681052134238135
199.0,58683.0,2019-07-19,1.016275268565,110.9825018,297.78596780000004,0.44234211753191544,-0.8394747569260913,-0.36391071025476013
200.0,58684.0,2019-07-20,1.016212523217,110.8026914,298.7886458,0.4574839636436898,-0.8325510061797604,-0.3609087661182387
201.0,58685.0,2019-07-21,1.016146154464,110.6170415,299.7890744,0.4724981094668185,-0.8253931294193996,-0.3578054299329568
202.0,58686.0,2019-07-22,1.01607602775,110.425617,300.7872262,0.4873804105346554,-0.8180028315981451,-0.3546014623386461
203.0,58687.0,2019-07-23,1.016001983789,110.228484,301.7830754,0.5021267034951792,-0.8103818686277168,-0.3512976397582223
204.0,58688.0,2019-07-24,1.015923840977,110.0257099,302.77659769999997,0.5167328053500372,-0.8025320527475821,-0.34789475830097466
205.0,58689.0,2019-07-25,1.015841396606,109.8173634,303.7677701,0.5311945115110421,-0.7944552585070308,-0.3443936355821647
206.0,58690.0,2019-07-26,1.0157544276450001,109.6035143,304.7565707,0.5455075948222053,-0.7861534296286871,-0.34079510905347155
207.0,58691.0,2019-07-27,1.015662692357,109.38423420000001,305.7429785,0.5596678024985811,-0.77762858231162,-0.3371000496355635
208.0,58692.0,2019-07-28,1.015565934636,109.1595959,306.7269723,0.5736708474325298,-0.7688828262959073,-0.33330935454372274
209.0,58693.0,2019-07-29,1.015463893323,108.9296738,307.7085307,0.587512415269349,-0.7599183747135729,-0.3294239583268997
210.0,58694.0,2019-07-30,1.015356318575,108.6945442,308.6876312,0.6011881651981714,-0.7507375686613876,-0.3254448443226926
211.0,58695.0,2019-07-31,1.015242995911,108.4542853,309.6642498,0.6146937453750548,-0.7413429036976618,-0.3213730531333477
212.0,58696.0,2019-08-01,1.015123775593,108.2089775,310.6383617,0.6280248272341831,-0.7317370457747955,-0.3172096971916794
213.0,58697.0,2019-08-02,1.0149986011660002,107.958703,311.6099423,0.64117714738661,-0.721922843225564,-0.3129559625046697
214.0,58698.0,2019-08-03,1.014867528503,107.7035458,312.57896949999997,0.6541465594334823,-0.7119033118684226,-0.3086131133667143
215.0,58699.0,2019-08-04,1.014730728153,107.443591,313.5454256,0.6669290714224851,-0.7016816111719335,-0.3041824795950926
216.0,58700.0,2019-08-05,1.014588469426,107.1789248,314.5092998,0.6795208736559585,-0.6912609946344368,-0.2996654498854438
217.0,58701.0,2019-08-06,1.014441091354,106.90963339999999,315.4705894,0.691918341786,-0.6806447683995184,-0.29506344297112275
218.0,58702.0,2019-08-07,1.014288969297,106.6358032,316.4293003,0.7041180199599217,-0.6698362503969426,-0.29037790008789327
219.0,58703.0,2019-08-08,1.014132484993,106.3575202,317.3854468,0.7161165977615873,-0.6588387448174068,-0.28561026566961883
220.0,58704.0,2019-08-09,1.013972004173,106.0748699,318.3390507,0.7279108804604986,-0.647655530593131,-0.28076197934542735
221.0,58705.0,2019-08-10,1.013807862182,105.7879377,319.2901405,0.7394977634865673,-0.6362898547735387,-0.27583447923106175
222.0,58706.0,2019-08-11,1.013640355932,105.4968085,320.23875,0.7508742076816861,-0.6247449425399039,-0.2708291937424099
223.0,58707.0,2019-08-12,1.013469740012,105.2015666,321.1849182,0.7620372314424111,-0.6130239937356616,-0.2657475398191971
224.0,58708.0,2019-08-13,1.013296225156,104.9022964,322.128688,0.7729838889326444,-0.6011301952773372,-0.260590935551862
225.0,58709.0,2019-08-14,1.013119977982,104.5990818,323.0701058,0.7837112647182448,-0.5890667277471975,-0.2553607910411979
226.0,58710.0,2019-08-15,1.0129411215119999,104.2920066,324.0092211,0.7942164658684796,-0.5768367700664221,-0.2500585165370459
227.0,58711.0,2019-08-16,1.012759736323,103.9811544,324.94608569999997,0.8044966129917379,-0.5644435121642463,-0.24468552220665818
228.0,58712.0,2019-08-17,1.012575862302,103.6666087,325.8807537,0.8145488399003631,-0.5518901569375239,-0.2392432214485645
229.0,58713.0,2019-08-18,1.012389500899,103.348453,326.81328060000004,0.8243702853977722,-0.5391799354249297,-0.23373303429102707
230.0,58714.0,2019-08-19,1.012200617624,103.0267709,327.7437235,0.8339580967990365,-0.5263161069563048,-0.22815639079389238
231.0,58715.0,2019-08-20,1.0120091444300001,102.7016461,328.67214029999997,0.8433094247193315,-0.5133019738408925,-0.22251473263704302
232.0,58716.0,2019-08-21,1.011814981595,102.3731625,329.5985899,0.8524214271563211,-0.5001408813216772,-0.2168095162478963
233.0,58717.0,2019-08-22,1.011617998885,102.0414041,330.5231316,0.8612912667612185,-0.48683622924872894,-0.2110422122700261
234.0,58718.0,2019-08-23,1.011418036044,101.7064554,331.4458249,0.8699161102210571,-0.4733914768513527,-0.20521431348096258
235.0,58719.0,2019-08-24,1.011214903205,101.3684015,332.36672930000003,0.8782931290586126,-0.4598101482454648,-0.19932733752000173
236.0,58720.0,2019-08-25,1.01100838243,101.0273279,333.28590330000003,0.8864194965660577,-0.4460958513523278,-0.19338282461879608
237.0,58721.0,2019-08-26,1.01079823239,100.6833213,334.2034041,0.8942923914174401,-0.43225228626327206,-0.1873823531600533
238.0,58722.0,2019-08-27,1.01058419877,100.3364696,335.11928660000007,0.9019090047230801,-0.4182832681521981,-0.18132754227348405
239.0,58723.0,2019-08-28,1.010366032853,99.9868622,336.03360299999997,0.9092665599393909,-0.4041927432090265,-0.1752200606559009
240.0,58724.0,2019-08-29,1.010143519042,99.6345907,336.946402,0.9163623387602438,-0.389984812498438,-0.16906164315115918
241.0,58725.0,2019-08-30,1.009916508391,99.2797484,337.8577295,0.9231937282687307,-0.3756637333352274,-0.16285408641661106
242.0,58726.0,2019-08-31,1.009684950571,98.92243069999999,338.76763,0.9297582688091607,-0.3612339036975281,-0.1565992586508637
243.0,58727.0,2019-09-01,1.0094489140629999,98.5627342,339.6761482,0.9360536944750791,-0.3466998364784007,-0.15029908365780195
244.0,58728.0,2019-09-02,1.0092085868279999,98.2007561,340.583332,0.9420779602215175,-0.3320661003605921,-0.14395552640848058
245.0,58729.0,2019-09-03,1.008964256991,97.8365931,341.489234,0.9478292375517144,-0.3173372770920859,-0.13757056696589282
246.0,58730.0,2019-09-04,1.00871628073,97.47034120000001,342.3939128,0.9533058908227804,-0.3025179178829753,-0.13114618901096076
247.0,58731.0,2019-09-05,1.008465047674,97.1020949,343.2974337,0.9585064455791692,-0.28761251164367324,-0.12468435871964069
248.0,58732.0,2019-09-06,1.008210951863,96.7319473,344.19986760000006,0.9634295486508937,-0.27262548715986357,-0.11818702125732287
249.0,58733.0,2019-09-07,1.007954371726,96.3599905,345.1012906,0.9680739399994116,-0.25756120918024783,-0.11165610463015205
250.0,58734.0,2019-09-08,1.007695658558,95.9863151,346.0017828,0.9724384310295924,-0.24242399303412152,-0.10509350947959546
251.0,58735.0,2019-09-09,1.007435131106,95.611011,346.9014279,0.9765218909491784,-0.22721810825314506,-0.09850112266094391
252.0,58736.0,2019-09-10,1.007173073642,95.2341671,347.80031210000004,0.9803232365833863,-0.2119477965046815,-0.09188081214789998
253.0,58737.0,2019-09-11,1.006909735485,94.855872,348.698524,0.9838414270724873,-0.19661727311696342,-0.08523443965026067
254.0,58738.0,2019-09-12,1.006645330777,94.4762135,349.5961539,0.9870754591490689,-0.18123073976084556,-0.07856385228925052
255.0,58739.0,2019-09-13,1.00638003797,94.0952791,350.49329389999997,0.9900243640260009,-0.16579238334297017,-0.07187089177733035
256.0,58740.0,2019-09-14,1.006113998988,93.7131557,351.39003710000003,0.9926872027011914,-0.15030639085908198,-0.06515738960260503
257.0,58741.0,2019-09-15,1.005847318257,93.3299304,352.2864775,0.9950630627985048,-0.1347769522700961,-0.058425181519972176
258.0,58742.0,2019-09-16,1.005580061864,92.9456897,353.18271,0.9971510579405267,-0.11920826216729627,-0.05167609406242076
259.0,58743.0,2019-09-17,1.005312257028,92.5605206,354.0788293,0.9989503234773649,-0.10360454048446338,-0.04491196439928452
260.0,58744.0,2019-09-18,1.00504389188,92.1745097,354.97493060000005,1.0004600192566175,-0.08797002237545481,-0.03813462517984687
261.0,58745.0,2019-09-19,1.0047749154549999,91.7877444,355.8711082,1.0016793271294984,-0.07230898450219221,-0.031345926198779565
262.0,58746.0,2019-09-20,1.004505237753,91.4003122,356.7674559,1.0026074543570775,-0.056625740156808546,-0.024547722756400017
263.0,58747.0,2019-09-21,1.004234729902,91.0123014,357.6640662,1.0032436347826605,-0.04092465516180065,-0.01774188854959694
264.0,58748.0,2019-09-22,1.003963224886,90.6238011,358.56103019999995,1.0035871329241375,-0.025210151499719474,-0.010930316279405309
265.0,58749.0,2019-09-23,1.0036905199500001,90.2349016,359.4584362,1.0036372497648927,-0.009486733485997682,-0.0041149252277025644
266.0,58750.0,2019-09-24,1.003416382594,89.8456947,0.3563699,1.0033933346357746,0.006241014548872154,0.002702333052990272
267.0,58751.0,2019-09-25,1.003140562644,89.4562742,1.2549128999999999,1.002854803803531,0.021968401835250437,0.009519465883513772
268.0,58752.0,2019-09-26,1.002862812647,89.0667363,2.1541422999999997,1.0020211694405292,0.03769062590285975,0.01633443302770015
269.0,58753.0,2019-09-27,1.002582916928,88.6771798,3.0541306,1.000892077677207,0.05340277547974245,0.023145144845538805
270.0,58754.0,2019-09-28,1.0023007258230001,88.2877061,3.9549455,0.9994673517806998,0.0690998352825883,0.029949465332569102
271.0,58755.0,2019-09-29,1.002016187184,87.8984193,4.8566519,0.9977470291456646,0.08477673267514362,0.03674521474544075
272.0,58756.0,2019-09-30,1.0017293652500001,87.5094249,5.7593133000000005,0.9957313816931054,0.10042837559914203,0.04353019745217086
273.0,58757.0,2019-10-01,1.001440440165,87.1208292,6.662994599999999,0.9934209107778774,0.11604971418360119,0.050302217297308306
274.0,58758.0,2019-10-02,1.001149688739,86.7327381,7.5677632,0.9908163211521898,0.13163576962830387,0.057059102297541874
275.0,58759.0,2019-10-03,1.000857453931,86.3452567,8.4736909,0.9879184796273874,0.14718167284000025,0.06379871377993665
276.0,58760.0,2019-10-04,1.000564112807,85.958489,9.3808536,0.9847283752163283,0.1626826611506008,0.07051895236053966
277.0,58761.0,2019-10-05,1.0002700502050001,85.5725376,10.289330900000001,0.9812470856997151,0.17813407091515504,0.07721776299611484
278.0,58762.0,2019-10-06,0.999975640921,85.1875041,11.1992058,0.9774757539648251,0.19353133083414592,0.08389312744096235
279.0,58763.0,2019-10-07,0.9996812397470001,84.8034894,12.1105633,0.9734155769059023,0.20886993634769077,0.0905430584261434
280.0,58764.0,2019-10-08,0.999387177048,84.4205936,13.0234903,0.9690677966204166,0.22414544653092822,0.09716560091242184
281.0,58765.0,2019-10-09,0.999093757339,84.0389164,13.938075,0.9644336977035227,0.23935347286227607,0.10375882476415356
282.0,58766.0,2019-10-10,0.9988012588799999,83.6585574,14.8544062,0.9595146070717347,0.25448966659264927,0.11032081922198154
283.0,58767.0,2019-10-11,0.998509932983,83.2796158,15.772573499999998,0.9543118894455742,0.2695497209644187,0.1168496977169263
284.0,58768.0,2019-10-12,0.99822000235,82.9021906,16.6926669,0.9488269454830915,0.28452936311776217,0.12334359383713943
285.0,58769.0,2019-10-13,0.997931658309,82.5263811,17.6147765,0.9430612098467739,0.2994243475449673,0.12980065190499004
286.0,58770.0,2019-10-14,0.997645057164,82.152286,18.5389924,0.9370161450826532,0.314230451527292,0.13621904151461017
287.0,58771.0,2019-10-15,0.997360316134,81.7800046,19.4654044,0.9306932410215035,0.328943468217993,0.1425969355649694
288.0,58772.0,2019-10-16,0.997077509456,81.4096362,20.3941015,0.9240940124976021,0.34355919523874007,0.14893251926953524
289.0,58773.0,2019-10-17,0.9967966651719999,81.0412803,21.325171700000002,0.9172199984988143,0.3580734288404793,0.15522398529311562
290.0,58774.0,2019-10-18,0.996517762961,80.6750373,22.258700899999997,0.9100727700459946,0.3724819446723357,0.1614695203768222
291.0,58775.0,2019-10-19,0.9962407332359999,80.3110082,23.194773100000003,0.9026539299192539,0.3867804994329133,0.16766730933117366
292.0,58776.0,2019-10-20,0.995965457666,79.9492949,24.133469100000003,0.8949651254515036,0.40096481016194213,0.17381552894151014
293.0,58777.0,2019-10-21,0.9956917715070001,79.5900008,25.074866,0.8870080600624971,0.41503054848297005,0.1799123371446181
294.0,58778.0,2019-10-22,0.995419468535,79.2332308,26.019036800000002,0.8787845054511246,0.42897333783127034,0.18595587311892775
295.0,58779.0,2019-10-23,0.9951483100059999,78.8790917,26.966048600000004,0.8702963295730478,0.44278873285532405,0.1919442515311546
296.0,58780.0,2019-10-24,0.9948780393369999,78.5276926,27.915963,0.86154551419336,0.456472237434082,0.19787555831950304
297.0,58781.0,2019-10-25,0.994608403817,78.1791449,28.8688343,0.8525341938092871,0.47001929405685755,0.20374785531053555
298.0,58782.0,2019-10-26,0.994339182775,77.8335629,29.8247101,0.8432646827008702,0.48342531660607874,0.209559176786339
299.0,58783.0,2019-10-27,0.994070218578,77.49106330000001,30.783631099999997,0.8337395050092095,0.4966857132350668,0.21530754635842236
300.0,58784.0,2019-10-28,0.9938014436589999,77.1517647,31.745632699999998,0.8239614031865821,0.5097959357335248,0.22099099390493543
301.0,58785.0,2019-10-29,0.993532895977,76.8157869,32.7107465,0.8139333325352034,0.5227515212604318,0.226607574005122
302.0,58786.0,2019-10-30,0.993264718265,76.4832503,33.6790023,0.8036584343757089,0.5355481316582312,0.23215537918431284
303.0,58787.0,2019-10-31,0.9929971421029999,76.1542746,34.6504298,0.7931399940996277,0.5481815756866719,0.23763256103077665
304.0,58788.0,2019-11-01,0.9927304628389999,75.8289785,35.6250593,0.7823814031604229,0.5606478104837672,0.24303733136499994
305.0,58789.0,2019-11-02,0.992465012957,75.5074794,36.6029224,0.7713861201708798,0.5729429386997901,0.24836796199490732
306.0,58790.0,2019-11-03,0.9922011396629999,75.1898934,37.5840514,0.7601576501999407,0.5850631881413336,0.2536227794835453
307.0,58791.0,2019-11-04,0.991939189181,74.8763352,38.5684786,0.7486995320763027,0.5970048924268906,0.25880016251954313
308.0,58792.0,2019-11-05,0.9916794975390001,74.5669184,39.556236299999995,0.7370153264925046,0.608764485034299,0.26389853374976385
309.0,58793.0,2019-11-06,0.9914223861750001,74.2617554,40.5473555,0.7251086210638467,0.6203384779102943,0.2689163592862236
310.0,58794.0,2019-11-07,0.99116816027,73.960958,41.5418662,0.7129830242032679,0.6317234649130936,0.2738521371272717
311.0,58795.0,2019-11-08,0.990917108,73.6646367,42.5397963,0.700642170593441,0.6429161041652525,0.2787044074250881
312.0,58796.0,2019-11-09,0.99066949928,73.3729014,43.5411724,0.6880897110523884,0.6539131283321375,0.2834717392305695
313.0,58797.0,2019-11-10,0.99042558307,73.0858609,44.5460189,0.6753293161230393,0.6647113288540429,0.2881527367168839
314.0,58798.0,2019-11-11,0.99018558278,72.803623,45.5543583,0.6623646677333458,0.6753075554348191,0.29274603474088495
315.0,58799.0,2019-11-12,0.989949689785,72.5262947,46.566210999999996,0.6491994561041547,0.6856987081606539,0.29725029205418413
316.0,58800.0,2019-11-13,0.9897180556020001,72.2539816,47.5815951,0.6358373738222153,0.695881725451426,0.30166419711032716
317.0,58801.0,2019-11-14,0.989490783698,71.9867885,48.6005256,0.6222821223843613,0.7058535693152356,0.3059864537345386
318.0,58802.0,2019-11-15,0.989267922212,71.7248195,49.623014399999995,0.608537409183002,0.7156112187308,0.31021577517770793
319.0,58803.0,2019-11-16,0.989049458864,71.4681779,50.6490691,0.5946069610546565,0.7251516509897445,0.3143508819955259
320.0,58804.0,2019-11-17,0.9888353190520001,71.2169663,51.6786919,0.5804945409139072,0.7344718287471775,0.3183904975821349
321.0,58805.0,2019-11-18,0.9886253676800001,70.9712873,52.71187929999999,0.5662039595140911,0.7435687022051077,0.3223333351547627
322.0,58806.0,2019-11-19,0.988419414895,70.7312432,53.7486204,0.5517391044250288,0.7524391974242468,0.32617810252865914
323.0,58807.0,2019-11-20,0.9882172257790001,70.4969364,54.7888965,0.5371039573333002,0.7610802260528136,0.3299234969726311
324.0,58808.0,2019-11-21,0.9880185341259999,70.26846929999999,55.83268,0.5223026205351287,0.7694886910843126,0.3335682098941361
325.0,58809.0,2019-11-22,0.987823060501,70.0459447,56.879933799999996,0.5073393400014514,0.7776615054441028,0.3371109252084031
326.0,58810.0,2019-11-23,0.987630534391,69.8294651,57.930611,0.4922185213276218,0.7855956131695594,0.34055033738383783
327.0,58811.0,2019-11-24,0.9874407191240001,69.6191331,58.984654799999994,0.47694474572838785,0.7932880213609559,0.3438851530255785
328.0,58812.0,2019-11-25,0.987253436559,69.415051,60.0419993,0.46152276810576487,0.8007358366335598,0.34711410580427404
329.0,58813.0,2019-11-26,0.987068587106,69.2173196,61.1025706,0.44595750315711,0.8079362953061641,0.3502359829547249
330.0,58814.0,2019-11-27,0.986886160654,69.0260385,62.16628829999999,0.43025400351776916,0.8148867954194442,0.35324962448437697
331.0,58815.0,2019-11-28,0.986706236002,68.8413048,63.2330676,0.4144174173941905,0.8215849125196855,0.3561539440264348
332.0,58816.0,2019-11-29,0.9865289697,68.6632128,64.3028205,0.3984529566496721,0.8280284012844353,0.3589479294560988
333.0,58817.0,2019-11-30,0.9863545781309999,68.4918537,65.3754568,0.3823658656060048,0.8342151870828873,0.36163064065371536
334.0,58818.0,2019-12-01,0.986183317724,68.3273149,66.45088510000001,0.366161389533352,0.8401433507254276,0.36420121252402765
335.0,58819.0,2019-12-02,0.986015467378,68.1696807,67.52901240000001,0.34984477000379244,0.845811111772774,0.3666588359924705
336.0,58820.0,2019-12-03,0.985851315271,68.0190312,68.60974470000001,0.33342122459367657,0.8512168109115279,0.36900276914085867
337.0,58821.0,2019-12-04,0.985691150434,67.8754435,69.6929858,0.3168959622072983,0.8563588983889526,0.3712323131553509
338.0,58822.0,2019-12-05,0.9855352582529999,67.7389906,70.7786379,0.3002741687935431,0.8612359235550386,0.37334682641406475
339.0,58823.0,2019-12-06,0.985383918464,67.6097424,71.8666012,0.2835610143783006,0.865846533104635,0.375345705987028
340.0,58824.0,2019-12-07,0.985237404121,67.4877649,72.9567739,0.2667616509678137,0.8701894619115605,0.37722839822855575
341.0,58825.0,2019-12-08,0.9850959800660001,67.3731206,74.0490527,0.24988120586489374,0.8742635330226437,0.37899439009629765
342.0,58826.0,2019-12-09,0.984959899623,67.2658681,75.1433329,0.23292477938034353,0.8780676487345838,0.3806432125517123
343.0,58827.0,2019-12-10,0.984829398538,67.1660624,76.2395088,0.2158974393891805,0.8816007846893503,0.3821744318044256
344.0,58828.0,2019-12-11,0.984704685705,67.0737548,77.337474,0.1988042168486507,0.8848619776489125,0.3835876456871793
345.0,58829.0,2019-12-12,0.984585930985,66.9889925,78.4371218,0.18165010014957114,0.8878503085480355,0.3848824836497604
346.0,58830.0,2019-12-13,0.9844732514550001,66.9118193,79.5383446,0.16444004793715922,0.8905648878759896,0.38605858874946763
347.0,58831.0,2019-12-14,0.984366698436,66.8422752,80.64103370000001,0.14717899608639817,0.8930048369688108,0.38711561742081463
348.0,58832.0,2019-12-15,0.9842662481219999,66.7803966,81.74507840000001,0.12987187871127612,0.8951692756235563,0.388053231260557
349.0,58833.0,2019-12-16,0.984171798342,66.7262168,82.8503645,0.11252366082874628,0.8970573183264421,0.3888710866629142
350.0,58834.0,2019-12-17,0.984083172684,66.679766,83.9567739,0.09513935451930232,0.8986680791063378,0.38956883547940896
351.0,58835.0,2019-12-18,0.9840001316670001,66.6410709,85.0641828,0.07772405704706124,0.9000006796721203,0.3901461350142282
352.0,58836.0,2019-12-19,0.9839223893279999,66.6101554,86.17246159999999,0.06028296235590961,0.9010542757790536,0.3906026430668402
353.0,58837.0,2019-12-20,0.983849633149,66.58704,87.28147390000001,0.042821383924700064,0.9018280781193829,0.39093803504097085
354.0,58838.0,2019-12-21,0.98378154541,66.571742,88.39107709999999,0.025344750733770953,0.9023213831008559,0.3911520091965392
355.0,58839.0,2019-12-22,0.983717824534,66.5642749,89.5011223,0.00785861136386405,0.9025335974969467,0.3912443046519101
356.0,58840.0,2019-12-23,0.983658205102,66.5646485,90.6114556,-0.009631386190149136,0.9024642669785554,0.3912147079180472
357.0,58841.0,2019-12-24,0.983602475061,66.5728686,91.7219183,-0.02711949982912529,0.9021130977501448,0.3910630646619303
358.0,58842.0,2019-12-25,0.98355048839,66.5889367,92.8323495,-0.04459993816840006,0.9014799719423383,0.3907892896618631
359.0,58843.0,2019-12-26,0.9835021715889999,66.6128496,93.9425865,-0.062066871584521614,0.9005649543821517,0.3903933758539737
360.0,58844.0,2019-12-27,0.9834575232580001,66.6445995,95.05246729999999,-0.07951447650443921,0.8993682928754281,0.3898753927209603
361.0,58845.0,2019-12-28,0.983416607336,66.6841741,96.1618316,-0.09693695541597355,0.8978904107431837,0.3892354821369278
362.0,58846.0,2019-12-29,0.9833795419169999,66.731556,97.2705221,-0.11432855967541083,0.8961318883316671,0.3884738634947728
363.0,58847.0,2019-12-30,0.983346486234,66.7867232,98.3783853,-0.13168360342503493,0.8940934493641706,0.3875908208173047
364.0,58848.0,2019-12-31,0.983317628269,66.84964930000001,99.4852719,-0.1489964697980036,0.8917759457230813,0.38658669491073794
365.0,58849.0,2020-01-01,0.983293174674,66.920303,100.5910372,-0.16626161529437772,0.8891803393410043,0.38546188757073546
